-- phpMyAdmin SQL Dump
-- version 4.8.1
-- https://www.phpmyadmin.net/
--
-- Host: 127.0.0.1
-- Generation Time: Jan 26, 2019 at 01:16 PM
-- Server version: 10.1.33-MariaDB
-- PHP Version: 7.1.18

SET SQL_MODE = "NO_AUTO_VALUE_ON_ZERO";
SET AUTOCOMMIT = 0;
START TRANSACTION;
SET time_zone = "+00:00";


/*!40101 SET @OLD_CHARACTER_SET_CLIENT=@@CHARACTER_SET_CLIENT */;
/*!40101 SET @OLD_CHARACTER_SET_RESULTS=@@CHARACTER_SET_RESULTS */;
/*!40101 SET @OLD_COLLATION_CONNECTION=@@COLLATION_CONNECTION */;
/*!40101 SET NAMES utf8mb4 */;

--
-- Database: `api_rest`
--

-- --------------------------------------------------------

--
-- Table structure for table `migrations`
--

CREATE TABLE `migrations` (
  `id` int(10) UNSIGNED NOT NULL,
  `migration` varchar(191) COLLATE utf8mb4_unicode_ci NOT NULL,
  `batch` int(11) NOT NULL
) ENGINE=InnoDB DEFAULT CHARSET=utf8mb4 COLLATE=utf8mb4_unicode_ci;

--
-- Dumping data for table `migrations`
--

INSERT INTO `migrations` (`id`, `migration`, `batch`) VALUES
(1, '2014_10_12_000000_create_users_table', 1),
(2, '2014_10_12_100000_create_password_resets_table', 1),
(3, '2019_01_24_182001_create_products_table', 1);

-- --------------------------------------------------------

--
-- Table structure for table `password_resets`
--

CREATE TABLE `password_resets` (
  `email` varchar(191) COLLATE utf8mb4_unicode_ci NOT NULL,
  `token` varchar(191) COLLATE utf8mb4_unicode_ci NOT NULL,
  `created_at` timestamp NULL DEFAULT NULL
) ENGINE=InnoDB DEFAULT CHARSET=utf8mb4 COLLATE=utf8mb4_unicode_ci;

-- --------------------------------------------------------

--
-- Table structure for table `products`
--

CREATE TABLE `products` (
  `id` int(10) UNSIGNED NOT NULL,
  `name` varchar(191) COLLATE utf8mb4_unicode_ci NOT NULL,
  `deatil` text COLLATE utf8mb4_unicode_ci NOT NULL,
  `price` int(11) NOT NULL,
  `stock` int(11) NOT NULL,
  `discount` int(11) NOT NULL,
  `created_at` timestamp NULL DEFAULT NULL,
  `updated_at` timestamp NULL DEFAULT NULL
) ENGINE=InnoDB DEFAULT CHARSET=utf8mb4 COLLATE=utf8mb4_unicode_ci;

--
-- Dumping data for table `products`
--

INSERT INTO `products` (`id`, `name`, `deatil`, `price`, `stock`, `discount`, `created_at`, `updated_at`) VALUES
(1, 'assumenda', 'Qui eligendi excepturi sed est minus aut debitis. Dolorum debitis est vel enim tempora quaerat eaque. Delectus rem aliquam minus fuga. Non voluptates assumenda quas cupiditate natus corporis.', 229, 3, 28, '2019-01-26 06:41:49', '2019-01-26 06:41:49'),
(2, 'omnis', 'Placeat ut deserunt illo adipisci quod. Atque nemo architecto saepe distinctio et quae veniam. Eum incidunt non dolores voluptatum. Et doloremque sint sint sit.', 487, 3, 13, '2019-01-26 06:41:49', '2019-01-26 06:41:49'),
(3, 'eum', 'Nesciunt qui esse debitis sequi beatae voluptate sint iure. Velit magnam dolorem dolores voluptatem dolor. Voluptatibus quas neque saepe asperiores vel.', 126, 5, 4, '2019-01-26 06:41:49', '2019-01-26 06:41:49'),
(4, 'non', 'Eum in consequatur reiciendis assumenda eius ut commodi beatae. Est quae quam ex nihil. Voluptas ut quae repellat non.', 432, 9, 8, '2019-01-26 06:41:49', '2019-01-26 06:41:49'),
(5, 'molestias', 'Et quo numquam consequatur distinctio. Enim ea aut sapiente. Voluptatum fugiat laboriosam voluptatibus impedit voluptatem debitis consequuntur.', 418, 1, 30, '2019-01-26 06:41:49', '2019-01-26 06:41:49'),
(6, 'ab', 'Ipsam aut aspernatur amet nam corporis sed. Et incidunt quidem exercitationem aut mollitia nobis. Est ducimus commodi ullam qui eum. At ullam dolor quae reiciendis. Porro aliquid repellendus beatae eum officiis voluptatem eius et.', 432, 8, 4, '2019-01-26 06:41:49', '2019-01-26 06:41:49'),
(7, 'omnis', 'Velit reprehenderit quaerat ut officia atque in error. Dolorem vel explicabo libero aut animi veritatis odio qui. Voluptas et maiores sit nisi voluptas est beatae. Sed et et qui velit quos fuga.', 220, 2, 26, '2019-01-26 06:41:49', '2019-01-26 06:41:49'),
(8, 'possimus', 'Sed quia sunt et laborum. Est et unde mollitia quas eum labore libero. Vel aut voluptatibus officia velit ipsam excepturi nihil.', 348, 3, 27, '2019-01-26 06:41:49', '2019-01-26 06:41:49'),
(9, 'eius', 'Dignissimos consequatur harum impedit laudantium accusantium sed consequatur architecto. Sed quis autem possimus impedit et porro est eveniet. Quaerat minima aliquid laboriosam laudantium accusantium. Est omnis ut consequatur tempora exercitationem praesentium.', 219, 6, 9, '2019-01-26 06:41:49', '2019-01-26 06:41:49'),
(10, 'non', 'Cum non rerum autem molestias dolor expedita tenetur eum. Ex sed enim consectetur occaecati est. Soluta perspiciatis sed ipsam deleniti a perspiciatis. Ut consectetur doloremque expedita quae ab.', 881, 0, 9, '2019-01-26 06:41:49', '2019-01-26 06:41:49'),
(11, 'rem', 'Voluptatibus ipsa sit non nesciunt incidunt et neque. Et repudiandae nesciunt odio. Impedit ut nihil omnis commodi quae sequi. Ut cupiditate sequi molestiae odio debitis ullam.', 445, 7, 9, '2019-01-26 06:41:49', '2019-01-26 06:41:49'),
(12, 'quia', 'Voluptas numquam optio ut voluptatem cum accusantium. Fuga quos voluptatem voluptatem est molestiae. Omnis et et dolorem quo.', 454, 2, 6, '2019-01-26 06:41:49', '2019-01-26 06:41:49'),
(13, 'sit', 'Doloribus quia neque voluptatum. Sapiente possimus magnam et ratione inventore quo dignissimos. Aut ipsum hic dolores quo pariatur natus. Autem asperiores beatae blanditiis tempora sequi id.', 585, 6, 29, '2019-01-26 06:41:49', '2019-01-26 06:41:49'),
(14, 'et', 'Quidem eveniet doloremque ducimus at ratione iusto praesentium. Tenetur rerum id libero distinctio. Explicabo nam laudantium voluptatem voluptate occaecati at minima.', 583, 5, 19, '2019-01-26 06:41:49', '2019-01-26 06:41:49'),
(15, 'consectetur', 'Aspernatur animi minima beatae illum ea. Doloribus quisquam deserunt enim totam. Officiis velit quod et nobis consequatur autem.', 768, 0, 16, '2019-01-26 06:41:49', '2019-01-26 06:41:49'),
(16, 'eligendi', 'Sit eveniet debitis reiciendis culpa architecto. Voluptatem labore molestias neque adipisci non saepe.', 488, 6, 11, '2019-01-26 06:41:49', '2019-01-26 06:41:49'),
(17, 'pariatur', 'Ut necessitatibus dolores necessitatibus iure rerum eaque vel. Expedita id earum et et aspernatur autem. Et recusandae quia culpa fuga illo quod. Vitae iure odio sunt eveniet velit nihil odio.', 503, 2, 7, '2019-01-26 06:41:49', '2019-01-26 06:41:49'),
(18, 'omnis', 'Voluptatem beatae quae aliquid consectetur et. In tempora consequatur provident dolorem velit at. Velit tenetur qui quia et hic. Aut unde qui numquam perspiciatis explicabo non aspernatur.', 925, 8, 3, '2019-01-26 06:41:49', '2019-01-26 06:41:49'),
(19, 'eius', 'Dolor neque dignissimos sunt consequatur autem omnis facilis. Minima suscipit sapiente eveniet. Vero doloremque nihil quo quaerat voluptatem. Et cum labore dolore sequi unde.', 117, 5, 9, '2019-01-26 06:41:49', '2019-01-26 06:41:49'),
(20, 'ratione', 'Ipsa unde aut sed pariatur corporis temporibus aut. Excepturi et totam adipisci ut. Sunt et velit eveniet soluta consectetur.', 152, 3, 6, '2019-01-26 06:41:49', '2019-01-26 06:41:49'),
(21, 'qui', 'Ab laborum doloremque eos rerum. Error eum nesciunt eum nemo quia cumque provident ex.', 707, 4, 2, '2019-01-26 06:41:49', '2019-01-26 06:41:49'),
(22, 'natus', 'Voluptas aspernatur officiis sunt saepe reiciendis esse. Autem dolores cupiditate delectus quia explicabo molestias. Animi cumque rerum enim. Aut et ipsum modi inventore dolores rerum nostrum modi.', 537, 6, 4, '2019-01-26 06:41:49', '2019-01-26 06:41:49'),
(23, 'earum', 'A architecto ullam quis quaerat sed. Animi repellat quia soluta natus occaecati. Sunt in modi eos eius voluptatem officia facere et.', 795, 8, 27, '2019-01-26 06:41:49', '2019-01-26 06:41:49'),
(24, 'autem', 'Quasi quia culpa enim sunt omnis autem. Aut vel sunt adipisci reprehenderit. Minus quod officiis dolores quia in voluptatem sit. Cum aperiam voluptas nostrum fuga quae est rerum.', 435, 2, 9, '2019-01-26 06:41:50', '2019-01-26 06:41:50'),
(25, 'earum', 'Beatae rem unde laboriosam voluptatibus vitae. Veniam ipsam voluptatem ad nesciunt libero tempore voluptas. Pariatur deleniti qui ducimus facilis. Ex iusto officia ut omnis rem quisquam.', 358, 8, 24, '2019-01-26 06:41:50', '2019-01-26 06:41:50'),
(26, 'qui', 'Dolores cum maxime dicta sunt et ut necessitatibus. Recusandae fugiat quas maiores nam aut.', 173, 1, 5, '2019-01-26 06:41:50', '2019-01-26 06:41:50'),
(27, 'sint', 'Ipsa similique aspernatur aut officiis nisi. Sit officia aut repellendus nemo recusandae repellendus minus. Cum qui et repellendus tempore sequi omnis. Est placeat ex harum et rerum laboriosam.', 139, 8, 29, '2019-01-26 06:41:50', '2019-01-26 06:41:50'),
(28, 'fuga', 'Sed magni illum deleniti pariatur. Quia earum ut dolorum culpa sit non et omnis. Totam inventore corrupti sit similique nihil. Est expedita eligendi harum et.', 505, 4, 14, '2019-01-26 06:41:50', '2019-01-26 06:41:50'),
(29, 'quia', 'Voluptatem minima recusandae nobis saepe in id sed. Esse voluptas consectetur et reiciendis sit culpa doloremque voluptate. Voluptatem est et ducimus expedita laudantium. Quidem dolor sed omnis animi.', 524, 2, 26, '2019-01-26 06:41:50', '2019-01-26 06:41:50'),
(30, 'aspernatur', 'Qui non aut sed est quisquam architecto veritatis. Quaerat eum sint ratione dolore quisquam adipisci. Facere doloremque expedita quis expedita assumenda et culpa.', 919, 4, 28, '2019-01-26 06:41:50', '2019-01-26 06:41:50'),
(31, 'ullam', 'Assumenda suscipit dolor iusto minima cupiditate amet officiis. Cumque occaecati quisquam voluptates qui dolores. Qui non corrupti enim neque accusamus sit.', 807, 8, 12, '2019-01-26 06:41:50', '2019-01-26 06:41:50'),
(32, 'esse', 'Sapiente consequatur voluptatem quasi dolor. Laudantium impedit cumque voluptatem enim qui sed. Et enim cupiditate id animi aut omnis. Id molestiae qui quia ut cumque deserunt sint et.', 459, 2, 2, '2019-01-26 06:41:50', '2019-01-26 06:41:50'),
(33, 'nostrum', 'Libero quos rerum voluptatibus occaecati earum recusandae quos. Aperiam necessitatibus omnis commodi ullam. Sed repudiandae aperiam sed error ut. Saepe magni numquam qui.', 994, 4, 26, '2019-01-26 06:41:50', '2019-01-26 06:41:50'),
(34, 'quis', 'Laboriosam officia sed quasi et. Eos cum suscipit commodi. Amet vitae est quia aut nihil aut alias.', 933, 4, 25, '2019-01-26 06:41:50', '2019-01-26 06:41:50'),
(35, 'sed', 'Sit eos officia labore non accusamus. Architecto facilis quaerat dicta recusandae et rem ipsum. Vel magnam sunt temporibus tenetur natus. Quia eum recusandae totam tempore voluptates sit.', 116, 6, 28, '2019-01-26 06:41:50', '2019-01-26 06:41:50'),
(36, 'porro', 'Nihil dolorum tempora voluptatem quis eligendi. Rerum ipsa enim nobis. Et repellendus dicta exercitationem consectetur.', 731, 3, 24, '2019-01-26 06:41:50', '2019-01-26 06:41:50'),
(37, 'sed', 'Quia recusandae ratione reiciendis laboriosam ullam. Nihil facere laudantium nemo necessitatibus a consequatur. Vel atque qui enim tempora corrupti ut et. Enim qui non aut accusantium. Saepe ut placeat vel expedita saepe laborum.', 543, 9, 29, '2019-01-26 06:41:50', '2019-01-26 06:41:50'),
(38, 'ea', 'Et velit dignissimos nesciunt aspernatur possimus dolores doloribus. Perferendis dignissimos aut quia eos. Explicabo eum molestiae libero aliquid earum.', 900, 2, 15, '2019-01-26 06:41:50', '2019-01-26 06:41:50'),
(39, 'magnam', 'Ut dolorem optio qui odit magnam. Inventore molestiae laudantium vitae. Quae labore dicta non rem veritatis beatae et.', 358, 7, 29, '2019-01-26 06:41:50', '2019-01-26 06:41:50'),
(40, 'error', 'Consequatur quia aliquam aut facilis. Sint qui neque et harum consequatur voluptatibus. Ex ea voluptatem dolores omnis cum velit dolor. Est odio autem tempora voluptas fugit aliquid aliquam. Minus ad veritatis ut odit consequatur nulla.', 138, 3, 26, '2019-01-26 06:41:50', '2019-01-26 06:41:50'),
(41, 'quidem', 'Nemo iste dolorem qui quo est asperiores eum eius. Necessitatibus iusto aut sint repellat. Sunt consequatur quibusdam quia mollitia nostrum non dolorem neque.', 255, 6, 26, '2019-01-26 06:41:50', '2019-01-26 06:41:50'),
(42, 'sint', 'Incidunt et cupiditate sequi doloribus reiciendis. Debitis amet dolorem impedit iusto. Quia labore ut incidunt repellat qui soluta vel. Sit nisi voluptatem fuga et aperiam distinctio.', 830, 4, 7, '2019-01-26 06:41:50', '2019-01-26 06:41:50'),
(43, 'quia', 'Facilis distinctio quae quam ut ut voluptatum. Pariatur aut ut voluptatem optio molestiae blanditiis. Beatae magnam ut quo animi error. Beatae id ut neque.', 525, 2, 14, '2019-01-26 06:41:50', '2019-01-26 06:41:50'),
(44, 'ducimus', 'Error beatae aliquid vitae a quos. Incidunt aut eaque et. Atque quaerat est consequatur voluptates in. Expedita porro nemo velit officia sit non dignissimos. Omnis saepe voluptas omnis est odit optio aliquam.', 510, 4, 2, '2019-01-26 06:41:50', '2019-01-26 06:41:50'),
(45, 'distinctio', 'Ut veniam laborum ipsum vel. Rerum delectus exercitationem voluptatem qui qui autem. Architecto sed in qui sit. Laboriosam quo atque et.', 684, 5, 20, '2019-01-26 06:41:50', '2019-01-26 06:41:50'),
(46, 'voluptatem', 'Inventore commodi et alias id impedit. Voluptatem libero harum quod maxime animi. Tempore repellat dolores hic et et.', 338, 5, 26, '2019-01-26 06:41:50', '2019-01-26 06:41:50'),
(47, 'ratione', 'Dolorum error nostrum quod alias molestias ex. Suscipit dolor beatae deleniti doloremque corrupti. Veritatis consequatur voluptatem autem illum. Dolore nobis cum vel esse accusantium adipisci.', 289, 0, 19, '2019-01-26 06:41:50', '2019-01-26 06:41:50'),
(48, 'veniam', 'Aliquam omnis voluptas quidem vitae voluptatibus. Dicta reiciendis eius rem. Distinctio sint quia perspiciatis quas sit.', 266, 6, 22, '2019-01-26 06:41:50', '2019-01-26 06:41:50'),
(49, 'rerum', 'Velit eum voluptas magni nostrum aliquid et. Id voluptatem explicabo sapiente eius. Quod sit laborum molestiae iusto. Voluptatem mollitia molestias eum dolor quia voluptatum et.', 704, 2, 13, '2019-01-26 06:41:50', '2019-01-26 06:41:50'),
(50, 'id', 'Deserunt rem sint sit quia. Ducimus pariatur tenetur consequatur aut et. Porro nemo et aut dolorem nihil nisi magni.', 410, 7, 24, '2019-01-26 06:41:50', '2019-01-26 06:41:50'),
(51, 'sed', 'Aut occaecati qui mollitia dolor. Veritatis perspiciatis illo soluta nihil quod minima temporibus. Harum est eaque sed culpa fuga. Inventore facere perferendis rerum sit occaecati eum. Et architecto sunt cumque.', 583, 3, 13, '2019-01-26 06:45:16', '2019-01-26 06:45:16'),
(52, 'ut', 'Commodi veritatis numquam quia repellat qui. Neque ad ad voluptate at repellendus commodi. Nemo commodi maiores aut ea deleniti adipisci harum. Ducimus optio magnam velit blanditiis magni aut.', 482, 1, 22, '2019-01-26 06:45:16', '2019-01-26 06:45:16'),
(53, 'fugiat', 'Magnam voluptatem suscipit minus vel dolor itaque. Molestias aut necessitatibus accusantium molestiae aperiam dolores. Est consequatur officiis quia officia explicabo.', 236, 4, 12, '2019-01-26 06:45:16', '2019-01-26 06:45:16'),
(54, 'officia', 'Temporibus velit quo itaque. Deserunt reprehenderit quia dignissimos rerum ducimus. Distinctio quasi sed cupiditate architecto corrupti deserunt. Ut quis error molestias nostrum molestiae.', 241, 2, 9, '2019-01-26 06:45:16', '2019-01-26 06:45:16'),
(55, 'consequatur', 'Quae ut delectus provident nisi et. Eius ut minus hic quia ad officia libero velit. Laboriosam ex qui impedit. Ut fugiat fugiat esse tempora.', 949, 6, 25, '2019-01-26 06:45:16', '2019-01-26 06:45:16'),
(56, 'repudiandae', 'Officiis molestias animi impedit sequi libero. Velit expedita id quam consectetur eos quasi. Ratione voluptatem beatae commodi nihil pariatur sint quisquam. Vel a suscipit pariatur velit.', 593, 4, 30, '2019-01-26 06:45:16', '2019-01-26 06:45:16'),
(57, 'corrupti', 'Non laborum sunt mollitia. Rerum consectetur quaerat minima et omnis ut. Omnis ea corrupti odio modi consequatur aut repellendus. Voluptatem nesciunt quod ut perferendis et. Rerum minima et veritatis deserunt iusto.', 844, 4, 11, '2019-01-26 06:45:16', '2019-01-26 06:45:16'),
(58, 'tempore', 'Et accusamus aperiam vitae similique autem quia. Natus fugiat at voluptatem aspernatur consectetur. Nisi itaque nihil minima ex. Molestias sed voluptates aliquid quasi pariatur soluta.', 523, 3, 4, '2019-01-26 06:45:16', '2019-01-26 06:45:16'),
(59, 'dolore', 'Recusandae vero autem odio sit reprehenderit dicta error. Et ut id dolorem aliquid eos et.', 492, 8, 21, '2019-01-26 06:45:17', '2019-01-26 06:45:17'),
(60, 'delectus', 'Nulla cum excepturi quis dolorem laudantium. Et voluptas omnis ipsam aut sequi enim. Quia officiis voluptatibus necessitatibus beatae vero.', 792, 1, 8, '2019-01-26 06:45:17', '2019-01-26 06:45:17'),
(61, 'ex', 'Id eum porro odit quam doloremque praesentium. Rem cum cum consectetur numquam cupiditate molestias atque. Odit mollitia qui minus est et aliquid fuga impedit. Deleniti autem hic voluptates ipsam nam molestiae.', 264, 1, 18, '2019-01-26 06:45:17', '2019-01-26 06:45:17'),
(62, 'eius', 'Adipisci neque voluptates est rerum. Ut recusandae iusto harum officia dolore ut. Omnis quaerat non qui dolorem.', 528, 3, 15, '2019-01-26 06:45:17', '2019-01-26 06:45:17'),
(63, 'quaerat', 'Ad iste quibusdam neque et. Unde numquam corrupti id eius mollitia.', 831, 8, 28, '2019-01-26 06:45:17', '2019-01-26 06:45:17'),
(64, 'sit', 'Doloremque aut nam quae aut. Quia autem dolorem blanditiis laudantium. Voluptate sed vero et et in tempora.', 311, 2, 3, '2019-01-26 06:45:17', '2019-01-26 06:45:17'),
(65, 'in', 'Quasi voluptatem et eligendi harum. Quia vitae aliquam in nisi debitis fugiat blanditiis porro. Molestias sit porro sint eos illo sit aut enim.', 633, 6, 13, '2019-01-26 06:45:17', '2019-01-26 06:45:17'),
(66, 'non', 'Ipsam laudantium occaecati nihil ut dolorem molestiae quo. Ratione ea facilis esse illum earum porro iste. Aut mollitia occaecati ea ut ipsam qui aspernatur quos.', 226, 9, 13, '2019-01-26 06:45:17', '2019-01-26 06:45:17'),
(67, 'et', 'Officiis et eum ipsum non perspiciatis et. Qui sed culpa accusantium nemo ut corporis. Corporis quos qui atque est veniam. Maxime et eos animi cupiditate.', 288, 7, 21, '2019-01-26 06:45:17', '2019-01-26 06:45:17'),
(68, 'molestias', 'Sit sunt amet officiis magnam. Nemo a molestias est sint qui placeat. Asperiores eos maiores reprehenderit et id.', 264, 5, 14, '2019-01-26 06:45:17', '2019-01-26 06:45:17'),
(69, 'voluptatum', 'Expedita ratione veritatis ea temporibus inventore ducimus. Omnis minima doloribus optio voluptatem necessitatibus. Voluptatibus perspiciatis repellat nobis et in.', 260, 6, 26, '2019-01-26 06:45:17', '2019-01-26 06:45:17'),
(70, 'ipsum', 'Adipisci inventore perferendis similique saepe ab sit. Maxime et maxime neque qui provident.', 417, 1, 3, '2019-01-26 06:45:17', '2019-01-26 06:45:17'),
(71, 'sunt', 'Nobis sint enim officiis placeat possimus. Esse sint sint quasi est eius voluptatibus. Est facere qui voluptates aut ut. Similique voluptatem exercitationem sed aut eius.', 371, 5, 4, '2019-01-26 06:45:17', '2019-01-26 06:45:17'),
(72, 'sapiente', 'Et laboriosam accusamus ut deserunt sunt. Laboriosam eum qui perspiciatis eveniet omnis. Et sed unde maxime et nesciunt saepe saepe. Iusto possimus earum perspiciatis eum accusantium aliquid omnis.', 260, 1, 8, '2019-01-26 06:45:17', '2019-01-26 06:45:17'),
(73, 'reprehenderit', 'Alias mollitia at veniam. Consequatur amet quis dicta corporis et ea distinctio. Unde soluta non placeat. Iste enim facere non et. Repudiandae qui quidem ut sapiente et.', 212, 9, 25, '2019-01-26 06:45:17', '2019-01-26 06:45:17'),
(74, 'architecto', 'Est numquam a atque dolorum commodi. Nisi rem deleniti nihil incidunt numquam. Ipsum aut ut est alias reprehenderit nobis tempore exercitationem.', 892, 1, 28, '2019-01-26 06:45:17', '2019-01-26 06:45:17'),
(75, 'sed', 'Odio numquam sed consequatur et ullam et. Et ut et ducimus exercitationem molestiae nostrum quia eligendi. Repudiandae cum totam deleniti est officia. Nostrum earum qui voluptatem.', 473, 0, 4, '2019-01-26 06:45:17', '2019-01-26 06:45:17'),
(76, 'delectus', 'Architecto exercitationem dicta cum dolores et ratione illo. Deleniti omnis suscipit autem consequatur eos labore quidem. Ut aut ab a voluptate possimus nisi. Aliquam ut sed illum eum.', 672, 0, 27, '2019-01-26 06:45:18', '2019-01-26 06:45:18'),
(77, 'quia', 'Maxime sit esse sed perferendis aut voluptates sit. Quidem maxime ut voluptates qui quis maxime. Voluptatum et eum atque corrupti corporis cumque. Consequatur expedita debitis autem itaque sapiente.', 910, 7, 25, '2019-01-26 06:45:18', '2019-01-26 06:45:18'),
(78, 'aut', 'Molestiae distinctio ea quia autem. Cupiditate nihil odio illum est quia. Cum laudantium nostrum reprehenderit facere quam quia provident voluptas.', 833, 0, 26, '2019-01-26 06:45:18', '2019-01-26 06:45:18'),
(79, 'iste', 'Non ea voluptatem omnis nemo sed. Culpa facere dolorem sit molestias. In hic accusantium adipisci est. Neque veritatis consequatur aspernatur et culpa et.', 636, 1, 4, '2019-01-26 06:45:18', '2019-01-26 06:45:18'),
(80, 'debitis', 'A alias quas rerum animi. Odio impedit maxime velit qui perferendis doloribus. Similique labore aliquid eius. Sit et et necessitatibus.', 482, 5, 6, '2019-01-26 06:45:18', '2019-01-26 06:45:18'),
(81, 'recusandae', 'Voluptates quo corporis rerum fuga ex culpa ad. Nihil debitis aut fugiat consectetur iusto culpa quis. Et dolorem aperiam quo ut voluptatem architecto. Aut deleniti eos id ut dolores beatae tempore quisquam.', 211, 8, 16, '2019-01-26 06:45:18', '2019-01-26 06:45:18'),
(82, 'earum', 'Eos at enim tenetur quaerat. Qui inventore dolorem dolores. Distinctio vel magnam natus iure et dolorum consequatur. Ipsa amet et ut autem et qui eum.', 349, 9, 5, '2019-01-26 06:45:18', '2019-01-26 06:45:18'),
(83, 'officia', 'Nemo temporibus at nulla cupiditate quidem dolores. Et dolor vitae hic itaque. Ipsam qui quibusdam incidunt in. Quidem tenetur labore soluta voluptas.', 527, 2, 17, '2019-01-26 06:45:18', '2019-01-26 06:45:18'),
(84, 'pariatur', 'Blanditiis qui quia est et delectus. Facere eos tempore consectetur nobis. Eveniet voluptas excepturi quibusdam possimus. Est itaque voluptatem reprehenderit tempore quo.', 419, 0, 21, '2019-01-26 06:45:18', '2019-01-26 06:45:18'),
(85, 'beatae', 'Corporis error eius sed. Molestiae voluptate et officiis itaque vero error atque vel. Id quo et cum non illum.', 246, 4, 30, '2019-01-26 06:45:18', '2019-01-26 06:45:18'),
(86, 'sit', 'Rerum eos quod sed perspiciatis nam impedit doloribus omnis. Harum occaecati ut sint autem. Quo tempore quisquam sed consectetur quam sit mollitia molestiae. Officiis nihil porro et veritatis quisquam qui impedit.', 827, 4, 7, '2019-01-26 06:45:18', '2019-01-26 06:45:18'),
(87, 'sed', 'Autem error blanditiis natus alias et temporibus itaque. Officia necessitatibus eaque rerum at est nemo. Est omnis dolores provident.', 341, 5, 13, '2019-01-26 06:45:18', '2019-01-26 06:45:18'),
(88, 'quasi', 'Iste facilis molestiae quam impedit. Et dolorem recusandae ab eos. Fugiat voluptas tenetur recusandae quia. Sunt qui ea nesciunt sapiente perferendis maiores ad odit. Animi quia possimus aperiam.', 152, 0, 10, '2019-01-26 06:45:18', '2019-01-26 06:45:18'),
(89, 'quae', 'Et magnam et sed aliquam neque repellat cum. Quis aut vel optio rerum qui occaecati. Eum quo distinctio alias iste quis excepturi corporis.', 350, 2, 8, '2019-01-26 06:45:18', '2019-01-26 06:45:18'),
(90, 'quam', 'Laboriosam laudantium ut adipisci fuga est. Eveniet velit laudantium commodi et. Blanditiis aut qui delectus.', 644, 0, 17, '2019-01-26 06:45:18', '2019-01-26 06:45:18'),
(91, 'ut', 'Ut id sed autem occaecati nulla deserunt. Omnis maxime totam quas molestiae saepe facilis. Corporis dicta voluptas omnis ipsam.', 800, 4, 14, '2019-01-26 06:45:18', '2019-01-26 06:45:18'),
(92, 'totam', 'Ut tempora voluptatem rem aliquam similique ut. Cupiditate est itaque est quis neque voluptatem nesciunt. Ipsum quas non ducimus veritatis non a nisi. Dolorem dolores dolor voluptatem vero non culpa aut.', 413, 5, 6, '2019-01-26 06:45:18', '2019-01-26 06:45:18'),
(93, 'voluptatem', 'Quis eius neque exercitationem nihil. Culpa et qui veniam praesentium doloremque. Qui voluptatum vero officiis qui voluptas adipisci maiores quia. Aut ad assumenda impedit impedit vel. Illum et magni voluptates fugiat ducimus numquam.', 871, 9, 29, '2019-01-26 06:45:18', '2019-01-26 06:45:18'),
(94, 'autem', 'Omnis molestiae est recusandae rerum et quisquam. Qui quia occaecati veniam nulla sit iure fuga quia. Blanditiis nisi officia et dolorem repudiandae quia quis. Omnis et quia earum.', 649, 5, 29, '2019-01-26 06:45:18', '2019-01-26 06:45:18'),
(95, 'et', 'Cumque quia mollitia velit ut et. Sit laboriosam tenetur aut cumque.', 647, 1, 10, '2019-01-26 06:45:19', '2019-01-26 06:45:19'),
(96, 'consequatur', 'Eum in odio ullam quasi hic autem delectus sapiente. Cum rerum totam enim velit praesentium dolor reprehenderit. Ab adipisci vel accusantium aut.', 347, 5, 22, '2019-01-26 06:45:19', '2019-01-26 06:45:19'),
(97, 'consequatur', 'Nostrum ducimus enim sapiente minima vero quos blanditiis voluptas. Vel et et et minus et dolores. Velit molestias ipsum quidem nisi dolorum. Impedit odio est fugit vero quidem.', 887, 8, 13, '2019-01-26 06:45:19', '2019-01-26 06:45:19'),
(98, 'fugiat', 'Consequatur alias accusantium eos aut. Totam aut ipsam veritatis omnis. Et mollitia nihil harum. Cum itaque aut cum.', 617, 7, 7, '2019-01-26 06:45:19', '2019-01-26 06:45:19'),
(99, 'quam', 'Qui aut voluptates labore aliquam placeat. Iste et et voluptatum et molestias. Voluptas sed fugit odit voluptas eum debitis. Vel recusandae ipsum dolores quia. Quod corrupti earum a ipsum voluptatum deleniti id.', 476, 8, 28, '2019-01-26 06:45:19', '2019-01-26 06:45:19'),
(100, 'nostrum', 'Rerum ut magni ut tempore. Natus cupiditate totam dolores consequatur. Quis doloremque eum repellendus voluptas rerum. Sequi quos quasi consequatur odit sit exercitationem.', 702, 2, 8, '2019-01-26 06:45:19', '2019-01-26 06:45:19');

-- --------------------------------------------------------

--
-- Table structure for table `reviews`
--

CREATE TABLE `reviews` (
  `id` int(10) UNSIGNED NOT NULL,
  `product_id` int(10) UNSIGNED NOT NULL,
  `customer` varchar(191) COLLATE utf8mb4_unicode_ci NOT NULL,
  `review` text COLLATE utf8mb4_unicode_ci NOT NULL,
  `star` int(11) NOT NULL,
  `created_at` timestamp NULL DEFAULT NULL,
  `updated_at` timestamp NULL DEFAULT NULL
) ENGINE=InnoDB DEFAULT CHARSET=utf8mb4 COLLATE=utf8mb4_unicode_ci;

--
-- Dumping data for table `reviews`
--

INSERT INTO `reviews` (`id`, `product_id`, `customer`, `review`, `star`, `created_at`, `updated_at`) VALUES
(1, 43, 'Dr. Andres Mayert MD', 'Accusamus dicta similique iure assumenda possimus. Ipsam repellendus ea provident hic nulla animi est. Ad saepe libero voluptatem laboriosam.', 0, '2019-01-26 06:45:19', '2019-01-26 06:45:19'),
(2, 17, 'Ben Pacocha', 'Eos odio nisi atque similique quo itaque. Quisquam praesentium voluptates libero commodi est et nihil. Exercitationem et odit neque. Expedita porro corporis delectus in consequuntur et.', 1, '2019-01-26 06:45:19', '2019-01-26 06:45:19'),
(3, 5, 'Emmie Pollich', 'Voluptas nam maiores illo omnis et et impedit. Maiores qui fugiat soluta repellendus voluptatem ut quaerat. Et deserunt totam quibusdam eum quam.', 2, '2019-01-26 06:45:20', '2019-01-26 06:45:20'),
(4, 62, 'Dahlia O\'Connell', 'Nostrum aut consequatur voluptatem perferendis dolore blanditiis corporis. Perspiciatis eum porro deserunt vitae ut suscipit. Unde ut exercitationem possimus culpa eos.', 3, '2019-01-26 06:45:20', '2019-01-26 06:45:20'),
(5, 60, 'Shaina Corkery', 'Vero quia omnis molestias voluptatem totam nihil voluptatibus. Natus nisi et natus molestiae. Placeat non atque saepe quo.', 1, '2019-01-26 06:45:20', '2019-01-26 06:45:20'),
(6, 25, 'Kelsi Kilback III', 'Autem aliquid dolorum impedit asperiores. Veniam minima et ducimus. Natus corporis eius aliquam quia.', 0, '2019-01-26 06:45:20', '2019-01-26 06:45:20'),
(7, 61, 'Howard Grimes', 'Voluptatibus sed consequatur quia sint. Consectetur aliquid voluptatem fugit. Voluptatem aut vel quo voluptatem voluptate excepturi error. Saepe repellendus dolorem rerum delectus sed. Dolore enim harum quas quod quia laboriosam animi.', 4, '2019-01-26 06:45:20', '2019-01-26 06:45:20'),
(8, 58, 'Holden Kovacek', 'Quae commodi qui quasi voluptatem officia modi quisquam ut. Quia impedit quo sed vero dolorem. Ut fugiat minima mollitia alias.', 2, '2019-01-26 06:45:20', '2019-01-26 06:45:20'),
(9, 87, 'Mr. Clark Deckow II', 'Qui ea consequatur exercitationem illum occaecati. Distinctio blanditiis deleniti incidunt ut. Numquam rerum nam possimus ratione quo corrupti adipisci.', 0, '2019-01-26 06:45:20', '2019-01-26 06:45:20'),
(10, 65, 'Rylee Mann V', 'Libero dolore praesentium quisquam. Ea voluptas maiores eum repudiandae fugit consequatur. Sapiente quae unde doloribus in.', 4, '2019-01-26 06:45:20', '2019-01-26 06:45:20'),
(11, 65, 'Dr. Mauricio Lebsack', 'Ad aliquam quos veritatis et. Laborum omnis dolor delectus sapiente. Ut laboriosam hic quaerat quibusdam hic aperiam aspernatur. Quia cum ipsam id velit non corrupti occaecati.', 1, '2019-01-26 06:45:20', '2019-01-26 06:45:20'),
(12, 16, 'Prof. Ashton Weimann V', 'Iusto aliquam nisi enim atque nemo quo. Dolore neque ut quibusdam impedit debitis deserunt aut. Repellat esse perferendis nihil molestiae error.', 2, '2019-01-26 06:45:20', '2019-01-26 06:45:20'),
(13, 50, 'Ariane Hermann', 'Libero tempora iste deleniti quam assumenda consequatur. Ab voluptates delectus asperiores ut debitis non officia quisquam.', 0, '2019-01-26 06:45:20', '2019-01-26 06:45:20'),
(14, 13, 'Mr. Brock Bogan', 'Laborum ducimus qui doloremque error saepe. Dolores ipsum reiciendis accusamus velit iure facilis officia. Vitae distinctio est nobis repellendus aspernatur voluptas dolorem. Optio inventore sapiente possimus tempore minus doloribus.', 2, '2019-01-26 06:45:20', '2019-01-26 06:45:20'),
(15, 98, 'Janie Bailey', 'Et illo et consectetur atque culpa est quam rerum. Quia qui omnis accusamus quia tempore ut eos. Temporibus qui et voluptate. Dolores magnam voluptatem dolorum iusto eum. Molestias illo exercitationem in nesciunt est qui optio.', 4, '2019-01-26 06:45:20', '2019-01-26 06:45:20'),
(16, 49, 'Ms. America Schneider', 'Recusandae magni aut voluptatem qui officia placeat ipsum. Reiciendis doloremque qui veritatis ut ipsam asperiores est nihil. Rerum sint modi tenetur consequuntur in quasi debitis. Sit non voluptatem ipsum pariatur rerum praesentium ratione. Qui quibusdam commodi qui non.', 4, '2019-01-26 06:45:20', '2019-01-26 06:45:20'),
(17, 5, 'Adrienne Schmeler', 'Eius sed a voluptates ab tenetur iste sint distinctio. Ipsum dolores laborum eaque nihil et itaque exercitationem. Dicta labore distinctio magni qui tempora qui. Omnis soluta officiis vel nisi. Est ipsam rem ab nesciunt.', 4, '2019-01-26 06:45:20', '2019-01-26 06:45:20'),
(18, 60, 'Edwin Johnston', 'Sunt quaerat itaque sed corrupti omnis et quidem. Et nisi quae maxime rerum. Harum repudiandae magnam molestiae ut eum. Et consequatur et distinctio illum ut.', 4, '2019-01-26 06:45:20', '2019-01-26 06:45:20'),
(19, 63, 'Wilfred Bednar', 'Soluta reiciendis id et. Mollitia voluptatibus explicabo quia magnam esse et asperiores. Atque similique quis dolor ut et.', 1, '2019-01-26 06:45:20', '2019-01-26 06:45:20'),
(20, 30, 'Francesco Lynch', 'Fugiat eius repellendus dolore assumenda possimus impedit voluptatibus. Sequi ut ducimus omnis cum id ipsa illo. Aut ut quidem a debitis eligendi.', 0, '2019-01-26 06:45:20', '2019-01-26 06:45:20'),
(21, 42, 'Hanna Schulist', 'Esse reiciendis atque doloribus sint et quas omnis. Quisquam est qui quae autem rerum. Voluptatem consectetur exercitationem sed natus beatae.', 1, '2019-01-26 06:45:20', '2019-01-26 06:45:20'),
(22, 85, 'Devonte Little', 'Corrupti fugit quasi aspernatur optio occaecati harum explicabo. Dolorum a quia rerum commodi beatae est. Officia quod pariatur qui molestias et dicta porro.', 0, '2019-01-26 06:45:20', '2019-01-26 06:45:20'),
(23, 92, 'Freddy Hickle', 'Dolor minima tempore ut quis. Vel totam temporibus a aliquid. Dolores veniam itaque explicabo nobis. Quibusdam ea atque est saepe.', 5, '2019-01-26 06:45:20', '2019-01-26 06:45:20'),
(24, 53, 'Mr. Isaiah Mann', 'Iste quae velit cupiditate accusamus. Repellendus ex possimus saepe blanditiis. Minus hic totam quod sit. Dicta corporis voluptas non tenetur voluptatem exercitationem.', 2, '2019-01-26 06:45:20', '2019-01-26 06:45:20'),
(25, 52, 'Angelina Hoppe', 'Nulla quo distinctio ut. Sunt esse repudiandae facere et maiores officiis. Dicta animi numquam accusamus vel.', 5, '2019-01-26 06:45:21', '2019-01-26 06:45:21'),
(26, 3, 'Daphne Bayer', 'Est animi quaerat nihil et veritatis. Ut quam accusamus omnis. Mollitia ea ut laudantium quis architecto illum.', 2, '2019-01-26 06:45:21', '2019-01-26 06:45:21'),
(27, 67, 'Fausto Hessel', 'Ut non sit quos voluptatem reiciendis ipsa in. Rem soluta exercitationem vel iure aliquid. Eum quas quidem totam repellendus aliquid veniam cum.', 4, '2019-01-26 06:45:21', '2019-01-26 06:45:21'),
(28, 88, 'Audra Metz', 'Quo officiis totam aut voluptate iusto excepturi magnam. Eaque quia fugit quidem earum rerum. Architecto autem vel rerum nihil quo aut. Rerum sunt eaque aut hic quaerat assumenda.', 1, '2019-01-26 06:45:21', '2019-01-26 06:45:21'),
(29, 85, 'Wava Torphy', 'Iste vel omnis consequuntur aut. Sapiente non iste eum ea deleniti dignissimos et. Mollitia alias error et provident in consectetur dolor. Qui est iure consectetur ipsum.', 3, '2019-01-26 06:45:21', '2019-01-26 06:45:21'),
(30, 21, 'Miles Streich', 'Tenetur neque autem eos ex voluptas. Minima corporis ipsa explicabo aut officiis ipsam. Explicabo ut a harum debitis. Incidunt deserunt non recusandae et sed.', 0, '2019-01-26 06:45:21', '2019-01-26 06:45:21'),
(31, 66, 'Leopold Thiel', 'Ut ullam numquam excepturi iste ut assumenda esse necessitatibus. Quo voluptatibus velit itaque eaque officia perferendis possimus. Laudantium dicta delectus reiciendis tempore illum dolores. Qui provident doloribus quo qui error rerum.', 4, '2019-01-26 06:45:21', '2019-01-26 06:45:21'),
(32, 33, 'Prof. Wilford Raynor', 'Dicta consequatur dolor ducimus et optio. Eius ea illum eaque aut incidunt. Ducimus ut eos aliquid velit. Sint est voluptas ut aut tempora perferendis et.', 0, '2019-01-26 06:45:21', '2019-01-26 06:45:21'),
(33, 29, 'Rhiannon Schmeler', 'Earum omnis cupiditate occaecati provident molestias. Alias fugiat et saepe praesentium. Beatae mollitia nihil voluptas et et et aliquid quasi. Perferendis sint voluptatibus et blanditiis ad possimus.', 4, '2019-01-26 06:45:21', '2019-01-26 06:45:21'),
(34, 11, 'Larissa Lindgren', 'Voluptatibus tenetur explicabo quo eum repellendus. Qui nobis soluta architecto sed molestias qui. Ea quam nostrum fuga qui.', 1, '2019-01-26 06:45:21', '2019-01-26 06:45:21'),
(35, 53, 'Lance Rau', 'Assumenda omnis accusamus voluptates velit cupiditate non deleniti. Facilis omnis rem est odio illo. Reprehenderit libero quaerat nihil dicta cum qui. Sunt qui corporis delectus enim provident quae adipisci.', 3, '2019-01-26 06:45:21', '2019-01-26 06:45:21'),
(36, 92, 'Emery Okuneva', 'Ducimus natus unde earum voluptatem aut assumenda dolor. Eos porro tenetur blanditiis provident sit. Et aut qui enim quia voluptatem vitae reiciendis.', 4, '2019-01-26 06:45:21', '2019-01-26 06:45:21'),
(37, 79, 'Kaleb Koch', 'Quibusdam inventore sapiente nam id. Molestias magnam totam maiores est sed est voluptatem. Deleniti eos omnis unde ea. Ipsum asperiores voluptate iure odio laudantium ab.', 4, '2019-01-26 06:45:21', '2019-01-26 06:45:21'),
(38, 13, 'Elmore Marks', 'Fugit mollitia possimus nobis distinctio. Nisi qui odit ut. Aut ut fugit deleniti consequatur eum.', 0, '2019-01-26 06:45:21', '2019-01-26 06:45:21'),
(39, 22, 'Donna Hartmann', 'Architecto laudantium ut ullam libero repellendus. Officiis voluptas qui animi et cumque praesentium suscipit. Qui laborum repellendus aliquam asperiores magni est.', 3, '2019-01-26 06:45:21', '2019-01-26 06:45:21'),
(40, 99, 'Emmanuel Sawayn', 'Delectus voluptate quas vero dolor rerum repellat officia voluptas. Numquam ab pariatur quas consequatur quod illum. Velit ratione veniam est deserunt dolor et.', 5, '2019-01-26 06:45:21', '2019-01-26 06:45:21'),
(41, 81, 'Eleanora Cruickshank II', 'Voluptas vel qui dolor id quas. Cum vel id nulla consequatur. Molestiae nisi neque incidunt vitae distinctio aut quo.', 5, '2019-01-26 06:45:21', '2019-01-26 06:45:21'),
(42, 61, 'Leta Marvin', 'Numquam ut molestias quam rerum totam ut. Voluptas quia id doloremque sed aspernatur. Repellendus quae autem asperiores numquam deserunt necessitatibus consectetur quas.', 3, '2019-01-26 06:45:21', '2019-01-26 06:45:21'),
(43, 43, 'Kendall Pouros', 'Facilis dolor doloribus eveniet iste. Voluptas id voluptatum saepe expedita. Sapiente perspiciatis et possimus ut quia et at aut. Distinctio optio voluptate omnis quo ducimus quis autem.', 4, '2019-01-26 06:45:21', '2019-01-26 06:45:21'),
(44, 75, 'Bianka Parker', 'Enim et deserunt in aliquid necessitatibus vero. Animi praesentium reiciendis dolorem quo similique in. Asperiores distinctio sit eum. Explicabo sit quibusdam tempora eos.', 0, '2019-01-26 06:45:21', '2019-01-26 06:45:21'),
(45, 31, 'Trace Raynor', 'Culpa fugit qui nihil earum quia quisquam. Beatae praesentium dolor et. Quaerat nam in fugit sunt dolorem.', 1, '2019-01-26 06:45:21', '2019-01-26 06:45:21'),
(46, 43, 'Dr. Macie Reilly', 'Atque hic aut distinctio eveniet odio. Iste libero quisquam officia id. In vel esse officia explicabo sunt maiores.', 3, '2019-01-26 06:45:21', '2019-01-26 06:45:21'),
(47, 92, 'Rosanna Schuppe', 'Omnis deleniti quia nemo non ut. Amet officia est nostrum minus quod et unde. Aperiam et doloremque ut eaque. Accusamus voluptatem veritatis vero at veniam nihil. Qui quia molestiae libero aut.', 3, '2019-01-26 06:45:21', '2019-01-26 06:45:21'),
(48, 32, 'Mr. Jasmin Bruen Sr.', 'Corporis vitae sint aut quia excepturi. Possimus quia maiores culpa nobis commodi. Dolores odit assumenda in praesentium vel et. Accusantium nihil ullam vel.', 1, '2019-01-26 06:45:21', '2019-01-26 06:45:21'),
(49, 42, 'Ms. Bailee Mraz DDS', 'Dignissimos qui natus beatae provident dignissimos error. Commodi odio quisquam a est debitis. Voluptas autem qui voluptas.', 3, '2019-01-26 06:45:21', '2019-01-26 06:45:21'),
(50, 32, 'Wilburn Parker', 'Vel animi laboriosam dolor quia et qui magni. Qui repellendus laboriosam aperiam rem. Deserunt dicta expedita dolor pariatur possimus. Nemo ex accusamus sit labore voluptatem ratione.', 1, '2019-01-26 06:45:21', '2019-01-26 06:45:21'),
(51, 18, 'Mr. Carmelo Mayert II', 'Minima et vitae nihil iure. Dolorum commodi natus cum. In nulla sequi ut ea quas. Eveniet accusantium velit expedita ipsum minus.', 4, '2019-01-26 06:45:21', '2019-01-26 06:45:21'),
(52, 82, 'Elliott Beatty', 'Voluptatem quia autem illo in nobis. Aut doloremque repellat repellendus non. Sit et delectus dolor optio est molestias magnam.', 4, '2019-01-26 06:45:21', '2019-01-26 06:45:21'),
(53, 3, 'Hermina Murazik', 'Necessitatibus minus illum ut. Consequatur omnis et nisi ad fugit.', 2, '2019-01-26 06:45:21', '2019-01-26 06:45:21'),
(54, 26, 'Kailyn Miller', 'Cumque accusamus laboriosam animi dignissimos. Odit tenetur vel est at temporibus. Laudantium laudantium provident omnis fuga a. Voluptatibus dolore dicta iusto quibusdam eius deserunt et.', 3, '2019-01-26 06:45:21', '2019-01-26 06:45:21'),
(55, 36, 'Enola Reilly MD', 'Sint eos saepe soluta aut. Quas velit beatae tempore fugit. Et cumque est vel labore cum vel.', 1, '2019-01-26 06:45:21', '2019-01-26 06:45:21'),
(56, 41, 'Ms. Jazmin Bernhard III', 'Qui aut aut accusantium. Ratione et voluptatem quia vero. Distinctio adipisci ullam explicabo non dolor ipsum excepturi. Sed ex rerum eos aut harum nam repellat sit.', 4, '2019-01-26 06:45:22', '2019-01-26 06:45:22'),
(57, 46, 'Dr. Lilyan Armstrong', 'Suscipit veniam quibusdam qui nisi. Similique est est est et vel enim. A quisquam dolore aperiam. Officiis doloribus quo consectetur et numquam.', 1, '2019-01-26 06:45:22', '2019-01-26 06:45:22'),
(58, 54, 'Abe Haag I', 'Aut quisquam et eos tempore animi. Dolor laboriosam qui voluptatem omnis ducimus voluptates dolores. Tempora et et ducimus rerum sint et quidem.', 5, '2019-01-26 06:45:22', '2019-01-26 06:45:22'),
(59, 83, 'Montana Koch', 'Autem expedita totam sint quibusdam similique. Aut dolorem commodi repellendus iusto cupiditate. Odio eaque harum nam aliquid veniam.', 5, '2019-01-26 06:45:22', '2019-01-26 06:45:22'),
(60, 41, 'Rogers McKenzie', 'Autem tenetur vero laboriosam voluptatem ut ab ad. Doloribus at alias aut veniam. Laudantium rerum facilis nostrum velit itaque eos quia similique.', 1, '2019-01-26 06:45:22', '2019-01-26 06:45:22'),
(61, 95, 'Lucinda Robel', 'Et maxime recusandae suscipit numquam iure dolore dolores magnam. Aut minima harum qui. Soluta perferendis repellendus ut earum dolorem.', 5, '2019-01-26 06:45:22', '2019-01-26 06:45:22'),
(62, 45, 'Miss Luna Reilly Sr.', 'Provident sapiente aliquid laborum accusamus distinctio impedit illum. Placeat earum autem quia quisquam. Qui vitae alias nihil sit. Sequi placeat repellat veritatis non.', 3, '2019-01-26 06:45:22', '2019-01-26 06:45:22'),
(63, 65, 'Aisha Cummerata', 'Sunt officiis recusandae dicta sit numquam doloribus officia fugit. Odit nesciunt quis excepturi aut consectetur aliquam quas. Repudiandae illum blanditiis et.', 0, '2019-01-26 06:45:22', '2019-01-26 06:45:22'),
(64, 3, 'Mrs. Roberta Boyer III', 'Cum et et omnis dolores facere corporis nisi sint. Corrupti fugiat velit incidunt asperiores. Sunt ea sunt error ratione non qui.', 4, '2019-01-26 06:45:22', '2019-01-26 06:45:22'),
(65, 62, 'Tanner Hudson', 'Aspernatur ut maxime vel similique laboriosam ratione vel. Expedita magnam qui velit quisquam. Rerum et occaecati aut blanditiis dolorum ratione.', 4, '2019-01-26 06:45:22', '2019-01-26 06:45:22'),
(66, 44, 'Oran Miller', 'Quibusdam repudiandae magnam eum amet voluptas. Esse ut voluptas molestiae tempora recusandae incidunt eligendi voluptatum. Sunt a dolores itaque sed recusandae sit. Similique praesentium commodi dolor earum commodi autem consequuntur.', 5, '2019-01-26 06:45:22', '2019-01-26 06:45:22'),
(67, 17, 'Mr. Reilly Cronin DVM', 'Eligendi ab quas laboriosam et cumque. Enim dolores fugiat animi et harum tenetur ab. Cumque qui qui quisquam. Tenetur est et nam ut officiis ratione sint.', 0, '2019-01-26 06:45:22', '2019-01-26 06:45:22'),
(68, 67, 'Rashawn Rath', 'Ut non earum velit rerum accusamus. Doloremque autem doloremque sit omnis omnis laborum in. Dolores voluptatum modi eligendi maxime possimus consequatur. Asperiores at et omnis eum quo natus.', 1, '2019-01-26 06:45:22', '2019-01-26 06:45:22'),
(69, 41, 'Hector Will', 'Qui ipsa consequuntur eum laboriosam nam. Consequatur in et eos occaecati. Asperiores tempore illum deserunt laboriosam dolores adipisci. Minus esse non assumenda saepe dolorem. Et ut ipsa occaecati quibusdam eum amet sapiente consequuntur.', 1, '2019-01-26 06:45:22', '2019-01-26 06:45:22'),
(70, 29, 'Parker Lynch Jr.', 'Laborum voluptas velit voluptates praesentium et repudiandae. Placeat quia nihil dolor sit illum reprehenderit reiciendis culpa. Eos sit ut aut. Impedit laboriosam saepe maiores iusto laudantium sapiente quis.', 5, '2019-01-26 06:45:22', '2019-01-26 06:45:22'),
(71, 25, 'Bradly Cummings', 'Sequi hic illum recusandae aut aspernatur. Qui aut distinctio sed quos odit sed. Eligendi aut dolorum ut aliquam ut temporibus nostrum velit. Laudantium deleniti mollitia reprehenderit.', 3, '2019-01-26 06:45:22', '2019-01-26 06:45:22'),
(72, 24, 'Jakob Beatty', 'Aut voluptas dolorem sunt eos. Non quia hic ad officiis et. Ratione nisi blanditiis facere mollitia illo vel ut.', 4, '2019-01-26 06:45:22', '2019-01-26 06:45:22'),
(73, 8, 'Prof. Keagan King Sr.', 'Vel est maiores dolor est et iure. Harum hic qui beatae officia eveniet iusto.', 2, '2019-01-26 06:45:22', '2019-01-26 06:45:22'),
(74, 6, 'Mrs. Jude Leffler', 'Ea occaecati earum harum nesciunt harum. Aut quia aperiam id delectus. Voluptatem voluptatem in aut a dolor laudantium suscipit quia. Quod modi sed mollitia qui.', 3, '2019-01-26 06:45:22', '2019-01-26 06:45:22'),
(75, 17, 'Anabelle Kuhn', 'Perferendis asperiores et corporis perferendis possimus quae. Maiores minus perspiciatis tenetur consequuntur quas et. Et voluptas praesentium quia officiis quia. Sint vel alias similique suscipit totam eum.', 5, '2019-01-26 06:45:22', '2019-01-26 06:45:22'),
(76, 89, 'Freida Johnston', 'Aperiam similique alias ut harum officia. Quia deserunt hic aut dolores optio pariatur laborum quisquam. Sunt labore omnis vitae unde est totam placeat. Incidunt quod quod et quaerat.', 4, '2019-01-26 06:45:22', '2019-01-26 06:45:22'),
(77, 16, 'Prof. London Krajcik V', 'Aliquam neque aliquam eaque id est hic vel qui. Velit ut tempore ut reiciendis sit sint.', 2, '2019-01-26 06:45:22', '2019-01-26 06:45:22'),
(78, 58, 'Luella Okuneva', 'Minus qui eligendi illo cupiditate dolorum. Et rem at dolore ea suscipit voluptates maxime. Unde reprehenderit veritatis enim dolor omnis fugiat.', 1, '2019-01-26 06:45:22', '2019-01-26 06:45:22'),
(79, 1, 'Yasmeen Funk', 'Unde qui consequatur modi. Voluptatibus qui illo esse non. Saepe ut nulla aut beatae harum sit. Et deserunt eos veritatis aliquid corrupti. Fugit aut unde ut repudiandae id voluptatem.', 3, '2019-01-26 06:45:22', '2019-01-26 06:45:22'),
(80, 26, 'Cyrus Cole', 'Soluta nisi aut neque est ducimus id. Molestiae amet est animi sed. Facere facere veniam inventore adipisci aliquid.', 2, '2019-01-26 06:45:22', '2019-01-26 06:45:22'),
(81, 83, 'Zachary Bauch DDS', 'Provident impedit voluptates et blanditiis. Aperiam ipsum accusantium alias delectus perferendis sit quia. Vel adipisci consequatur cum minus nesciunt neque. Maiores sit aspernatur pariatur. Dolore eligendi numquam quia voluptatibus ipsa.', 3, '2019-01-26 06:45:22', '2019-01-26 06:45:22'),
(82, 67, 'Kelli Corwin', 'Non quisquam enim omnis minus est. Eos aut magni numquam et aspernatur aut et. Aut vel recusandae ut tenetur.', 2, '2019-01-26 06:45:22', '2019-01-26 06:45:22'),
(83, 95, 'Winifred Dietrich', 'Repellat eum porro deleniti. Omnis ut dolorem nihil quos eum. Facilis eos laboriosam enim maiores neque.', 1, '2019-01-26 06:45:22', '2019-01-26 06:45:22'),
(84, 57, 'Santiago Morar', 'Facere laboriosam sit dolore. Voluptas aut rem tenetur dicta cum blanditiis doloremque. Quo accusantium fuga qui autem. Reprehenderit possimus quam est.', 1, '2019-01-26 06:45:22', '2019-01-26 06:45:22'),
(85, 79, 'Prof. Terence Hagenes', 'Inventore autem reprehenderit qui pariatur ut. Voluptatem voluptatem adipisci repellendus. Accusamus minima non veniam et corrupti omnis.', 4, '2019-01-26 06:45:23', '2019-01-26 06:45:23'),
(86, 77, 'Una Skiles', 'Quis dolor placeat sed aperiam tempore velit eaque ut. Quisquam est est porro eos dolore non quasi sapiente. Architecto nihil quis deserunt. Delectus ipsum est ea temporibus nihil fugit. Aut nihil hic cupiditate quia necessitatibus porro.', 4, '2019-01-26 06:45:23', '2019-01-26 06:45:23'),
(87, 10, 'Mariano Johns', 'Iure velit amet voluptatem qui ducimus odio aut. Quisquam et consectetur qui excepturi quia deleniti. Voluptatem facilis accusamus praesentium incidunt repellat. Sunt ut nemo possimus laborum.', 2, '2019-01-26 06:45:23', '2019-01-26 06:45:23'),
(88, 17, 'Prof. Emiliano Labadie', 'Eligendi aperiam et eum aut quasi. Enim accusantium libero ut quae.', 5, '2019-01-26 06:45:23', '2019-01-26 06:45:23'),
(89, 55, 'Ms. Wendy Treutel PhD', 'Neque provident iste iure mollitia. Perferendis inventore quibusdam optio et commodi dolorum. Sed unde inventore enim non et.', 2, '2019-01-26 06:45:23', '2019-01-26 06:45:23'),
(90, 55, 'Brennon Lindgren', 'Beatae quaerat dolores incidunt dolores. Qui nostrum eveniet sed rerum repudiandae maiores. Id officia aut et et perspiciatis. Dicta non error consequatur.', 0, '2019-01-26 06:45:23', '2019-01-26 06:45:23'),
(91, 57, 'Lorna Blick', 'Deserunt totam veritatis est quia culpa. Sint sequi ex eum minima nemo nihil assumenda. Tempore magni quo aut architecto dolor doloribus. Illo quis non voluptatem sunt esse et vel et.', 2, '2019-01-26 06:45:23', '2019-01-26 06:45:23'),
(92, 58, 'Prof. Twila Schulist Jr.', 'Minus sapiente quo tempore non inventore natus animi. Illum sed sed veniam qui optio aliquam earum.', 5, '2019-01-26 06:45:23', '2019-01-26 06:45:23'),
(93, 82, 'Ms. Luz Denesik', 'Tenetur error nisi et. Omnis aperiam vel ea qui dolorem. Sit aut nam sint distinctio non soluta quasi. Atque ut voluptatem sit explicabo corporis aut.', 1, '2019-01-26 06:45:23', '2019-01-26 06:45:23'),
(94, 21, 'Bridgette Wilkinson', 'A et et assumenda maxime ut et non. Consectetur quo exercitationem et quidem qui voluptas et maiores. Sint corrupti ex et voluptas. Impedit quaerat rerum harum ipsum dolores.', 4, '2019-01-26 06:45:23', '2019-01-26 06:45:23'),
(95, 38, 'Myron Klocko', 'Voluptatem aut et voluptate. Eos deleniti itaque dolorem et. Consequatur rerum molestiae optio natus ab. Qui rerum suscipit eveniet nemo. Pariatur eligendi fuga et quaerat aut vero maiores.', 3, '2019-01-26 06:45:23', '2019-01-26 06:45:23'),
(96, 28, 'Golda Gottlieb', 'Illo ut rerum quia consectetur omnis et dolorem nostrum. Qui non quibusdam quia assumenda repellat et iste. Molestiae porro et quam excepturi eum quasi voluptas. Sunt voluptatibus voluptas facilis a.', 2, '2019-01-26 06:45:23', '2019-01-26 06:45:23'),
(97, 10, 'Prof. Khalil Schaden', 'Nihil totam ut sit aut vel aut aspernatur. Est voluptatibus tenetur ut aliquam est veniam dolores. Voluptas autem repudiandae quod.', 1, '2019-01-26 06:45:23', '2019-01-26 06:45:23'),
(98, 16, 'Prof. Providenci Gulgowski MD', 'Amet corrupti impedit et qui. Nemo quaerat ipsum quod quia voluptate. Excepturi dolor iusto labore.', 0, '2019-01-26 06:45:23', '2019-01-26 06:45:23'),
(99, 67, 'Sharon Waelchi', 'Similique doloribus occaecati natus repudiandae alias blanditiis modi qui. Pariatur fugiat nihil fuga sunt ullam assumenda. Numquam et quia quam sint porro error amet sint.', 3, '2019-01-26 06:45:23', '2019-01-26 06:45:23'),
(100, 42, 'Mrs. May Durgan', 'Et veniam et aliquam et odit incidunt ut. Temporibus voluptatem aut consequatur. Et tenetur voluptates aut dicta quia ad.', 2, '2019-01-26 06:45:23', '2019-01-26 06:45:23'),
(101, 77, 'Chandler Mraz PhD', 'Voluptatibus nostrum quibusdam est blanditiis laboriosam dolor odit et. Rerum maiores velit optio velit minima ipsam. Tempora ex explicabo a et natus ut architecto.', 3, '2019-01-26 06:45:23', '2019-01-26 06:45:23'),
(102, 2, 'Vincent Kohler', 'Debitis et optio sit labore incidunt ullam dicta ratione. Id blanditiis voluptatem nemo omnis. Sit labore aliquam molestias qui nostrum assumenda rerum. Iusto rem ullam deserunt rerum et est. Voluptatem aperiam nihil dolorem rem debitis eum dignissimos rerum.', 2, '2019-01-26 06:45:23', '2019-01-26 06:45:23'),
(103, 67, 'Deron Treutel III', 'Voluptates laboriosam modi voluptas doloribus. Autem asperiores dolores velit modi voluptate in dolore et.', 3, '2019-01-26 06:45:23', '2019-01-26 06:45:23'),
(104, 8, 'Willie Hudson', 'Praesentium minus magni occaecati voluptatibus est. Neque nisi nulla est quae ab qui. Eos odio iste quas at et aut non quam.', 1, '2019-01-26 06:45:23', '2019-01-26 06:45:23'),
(105, 67, 'Jamir Swift', 'Id dolores expedita molestiae eaque ipsam vel asperiores. Mollitia aut maiores dolorum doloribus. Architecto aperiam quia enim rerum necessitatibus dolorem dignissimos. Sint dolorum non qui cupiditate atque excepturi voluptas. Deserunt eos voluptatem distinctio iste.', 3, '2019-01-26 06:45:23', '2019-01-26 06:45:23'),
(106, 15, 'Rosalia Krajcik MD', 'Vero qui hic et aut alias reprehenderit sit rerum. Minima et debitis ea vel similique numquam sint soluta. Doloribus illo quam mollitia asperiores cum excepturi voluptatibus.', 4, '2019-01-26 06:45:23', '2019-01-26 06:45:23'),
(107, 84, 'Hulda Treutel', 'Numquam et ipsa sed veniam magnam praesentium. Explicabo ad tempore fuga. Eum amet veritatis iure voluptatibus. Amet sed error sit qui quia consequatur ea.', 3, '2019-01-26 06:45:23', '2019-01-26 06:45:23'),
(108, 72, 'Nellie Reichel', 'Adipisci blanditiis aut quia repellendus cumque. Et culpa non mollitia omnis. Nam quisquam fuga laboriosam molestias.', 2, '2019-01-26 06:45:23', '2019-01-26 06:45:23'),
(109, 91, 'Belle Kozey Jr.', 'Temporibus eaque et totam consequatur. Voluptatem dolores sit omnis qui nemo. Aut quos temporibus aut velit. Omnis cupiditate nihil ea autem quod.', 2, '2019-01-26 06:45:23', '2019-01-26 06:45:23'),
(110, 48, 'Muhammad Hirthe I', 'Enim aut minima dolorem. Placeat dolores error rerum consequatur non et veritatis molestiae. Voluptatibus quae quisquam quo et earum.', 5, '2019-01-26 06:45:23', '2019-01-26 06:45:23'),
(111, 99, 'Dorcas Borer', 'Aspernatur tempore et hic. Nam assumenda autem consequuntur neque quos tenetur quis id. Nisi ut dolores aut reiciendis et provident non voluptas.', 3, '2019-01-26 06:45:23', '2019-01-26 06:45:23'),
(112, 98, 'Miss Maximillia Predovic', 'Nam autem accusamus suscipit omnis maxime. Voluptatem et consequuntur qui aut. Qui quis qui iste expedita id.', 4, '2019-01-26 06:45:23', '2019-01-26 06:45:23'),
(113, 55, 'Holden Hills II', 'Exercitationem ut soluta mollitia illo. Quis provident libero veniam ducimus. Fuga eius dolor sit ut. Facere rerum libero consectetur.', 4, '2019-01-26 06:45:23', '2019-01-26 06:45:23'),
(114, 26, 'Jasen Botsford', 'Ratione expedita sunt ut debitis. Voluptas et beatae placeat hic corporis. Asperiores eos rerum rerum voluptas excepturi natus. Enim ipsam sint quibusdam.', 3, '2019-01-26 06:45:23', '2019-01-26 06:45:23'),
(115, 7, 'Mrs. Alessia Weissnat III', 'Et rem error quis unde voluptas nemo ipsum. Id aut id iste voluptatem veniam. Iste consequatur ut aut sit.', 1, '2019-01-26 06:45:24', '2019-01-26 06:45:24'),
(116, 4, 'Sonia Romaguera', 'At accusantium in aspernatur similique minus quia qui. Aliquid quia vel animi deleniti. Aut deleniti eveniet voluptas dolorem.', 3, '2019-01-26 06:45:24', '2019-01-26 06:45:24'),
(117, 39, 'Bria Harvey', 'Eum beatae temporibus consequatur. Dolor voluptate quasi inventore dolor assumenda repellendus ut. Magni eum ratione quis rerum omnis. Quia consequatur dolor explicabo nihil atque.', 2, '2019-01-26 06:45:24', '2019-01-26 06:45:24'),
(118, 44, 'Dr. Nathen Cummings Sr.', 'Rerum esse eos omnis facilis ut excepturi. Rem et molestiae laudantium non necessitatibus.', 3, '2019-01-26 06:45:24', '2019-01-26 06:45:24'),
(119, 17, 'Maximus Kub', 'Ad hic recusandae eaque voluptatem consequatur quo illo. Eos et omnis natus aut voluptate cupiditate et.', 1, '2019-01-26 06:45:24', '2019-01-26 06:45:24'),
(120, 4, 'Mikel Volkman', 'Quam et quidem vitae. Et non nam quas at. Est dolorum dolore vitae et non.', 2, '2019-01-26 06:45:24', '2019-01-26 06:45:24'),
(121, 17, 'Prof. Vivian Quitzon II', 'Et distinctio quia sit praesentium eius. Vitae dolorem deleniti sapiente. Natus cupiditate a eveniet nesciunt. Ipsa et mollitia laboriosam asperiores.', 5, '2019-01-26 06:45:24', '2019-01-26 06:45:24'),
(122, 87, 'Prof. Rebeka Koch', 'Atque molestias error laudantium. Vitae vel laborum in assumenda quae ut. Veritatis repudiandae placeat placeat rerum praesentium aut facere. Illum nulla porro optio et.', 1, '2019-01-26 06:45:24', '2019-01-26 06:45:24'),
(123, 78, 'Mae Gaylord', 'Aut id error ut ut. Asperiores eligendi quam doloribus omnis necessitatibus dolore. Velit dolorum error quia quidem molestias occaecati dolor. Eaque minus cumque itaque iure ea.', 1, '2019-01-26 06:45:24', '2019-01-26 06:45:24'),
(124, 28, 'Kaylah Rempel', 'Rerum magnam nam minus iste quo labore. Deserunt expedita eum dolores. Incidunt eum ducimus quas suscipit fuga aut ad.', 2, '2019-01-26 06:45:24', '2019-01-26 06:45:24'),
(125, 20, 'Dr. Owen Rodriguez II', 'Quas sunt natus nesciunt fuga ab ut. Placeat at est id aliquid non. Velit dolorem vero impedit beatae ea qui neque. Veniam accusamus consectetur minima reprehenderit.', 4, '2019-01-26 06:45:24', '2019-01-26 06:45:24'),
(126, 10, 'Grady Johnston', 'Odio soluta commodi rem nemo commodi minima. Voluptas deserunt autem corporis maiores suscipit. Iusto et tempora quae architecto ut. Tempore et consequatur in enim.', 0, '2019-01-26 06:45:24', '2019-01-26 06:45:24'),
(127, 99, 'Genesis Windler', 'Dolor velit consequatur sit nesciunt sed aperiam dolores. Est magnam voluptate exercitationem reiciendis quis aut. Voluptatem repudiandae esse natus placeat. Tempore nulla velit illo qui vero sit.', 1, '2019-01-26 06:45:24', '2019-01-26 06:45:24'),
(128, 61, 'Ellis Jacobs', 'Ut ut adipisci eveniet sequi eos. Fuga aliquam eaque corrupti qui repellendus aperiam. Nemo perferendis consequatur quo deserunt a. Est cupiditate possimus enim est aspernatur nemo.', 3, '2019-01-26 06:45:24', '2019-01-26 06:45:24'),
(129, 39, 'Jimmy Yost MD', 'Magni occaecati iure facilis qui. Dolorem ut modi omnis et quidem rerum in. Ullam expedita quod consequatur sed qui dolorem omnis. Sunt totam dolor corporis officia itaque.', 2, '2019-01-26 06:45:24', '2019-01-26 06:45:24'),
(130, 29, 'Marco Homenick', 'Eum quas qui aut error error vel et. Et eos non ratione voluptas esse eos. In sunt quod alias tempora neque quas.', 4, '2019-01-26 06:45:24', '2019-01-26 06:45:24'),
(131, 91, 'Aniya Wintheiser', 'Quasi quaerat qui labore illum. Architecto aliquam delectus quod corrupti. Ullam natus soluta similique et natus eligendi sint sequi. Ad et animi quasi rem eos ut voluptatem.', 5, '2019-01-26 06:45:24', '2019-01-26 06:45:24'),
(132, 43, 'Dr. Elroy Haag DDS', 'Sed minus accusamus quibusdam consequatur. Delectus consequatur et et consequatur maxime quo exercitationem. Enim numquam quam architecto reiciendis quia animi ipsum est. Voluptate quisquam officiis quos error.', 0, '2019-01-26 06:45:24', '2019-01-26 06:45:24'),
(133, 73, 'Aubree Hamill', 'Provident ut error magnam modi sapiente illo. Voluptas sed ab est nisi voluptatem voluptatem omnis deserunt. Vero molestiae excepturi omnis sed placeat officiis perspiciatis. Vel cupiditate ipsa eius fugit consectetur corporis eos enim. Est iste a dicta nostrum similique qui ducimus.', 1, '2019-01-26 06:45:24', '2019-01-26 06:45:24'),
(134, 25, 'Dr. Alaina Abbott', 'Repudiandae earum rerum eum beatae cupiditate nostrum numquam. Aut in dolorem voluptatem earum. Et velit incidunt iste.', 1, '2019-01-26 06:45:24', '2019-01-26 06:45:24'),
(135, 83, 'Tiana Mosciski II', 'Aut et assumenda maxime qui rem culpa tempora. Quod iste quam est odio illo. Ut non nisi eum quia nulla. Omnis soluta nesciunt saepe autem doloremque.', 3, '2019-01-26 06:45:24', '2019-01-26 06:45:24'),
(136, 49, 'Giles Trantow V', 'Atque impedit soluta voluptates similique vel facilis voluptate. Quia et dolor cum non repellat aut ducimus. Placeat hic sed quia. Omnis aliquid molestiae vero provident ut nobis.', 1, '2019-01-26 06:45:24', '2019-01-26 06:45:24'),
(137, 54, 'Rhett Schuppe', 'Non consectetur ea vitae numquam sit odio similique. Eum molestiae consequatur sed omnis et. Consequuntur et aliquam ut ea animi dolor ut voluptas. Et sed iste aut est dolore magnam est.', 1, '2019-01-26 06:45:24', '2019-01-26 06:45:24'),
(138, 62, 'Litzy Murphy', 'Non culpa mollitia excepturi quam nam nihil. Totam et ab quis eaque. Error vel qui officia ut omnis ullam eligendi iusto.', 5, '2019-01-26 06:45:24', '2019-01-26 06:45:24'),
(139, 46, 'Emilie Ullrich', 'Excepturi sequi est sit velit provident. Vitae aut blanditiis vitae id iure necessitatibus sed. Quis reiciendis repellendus deleniti ut. Voluptatibus voluptates totam quibusdam impedit et.', 0, '2019-01-26 06:45:24', '2019-01-26 06:45:24'),
(140, 90, 'Betty Swift', 'Dolor placeat consectetur velit ea in architecto. Soluta distinctio sint et voluptatum et totam. Suscipit sequi blanditiis minima dolores. Voluptatibus accusamus culpa rerum molestiae impedit dolores. Consequatur eveniet amet expedita quam eveniet alias fugit.', 3, '2019-01-26 06:45:25', '2019-01-26 06:45:25'),
(141, 36, 'Janiya Christiansen', 'Magnam eaque aut quia autem ea. Dolores non quaerat rerum explicabo.', 0, '2019-01-26 06:45:25', '2019-01-26 06:45:25'),
(142, 45, 'Lennie Kovacek', 'Ad et debitis delectus neque optio. Reprehenderit voluptates sequi blanditiis ducimus vel. Et eos itaque deserunt et consequuntur officiis. Dolor aperiam nemo fugiat quo voluptatem et laboriosam hic. Ut veniam voluptas accusantium esse omnis.', 5, '2019-01-26 06:45:25', '2019-01-26 06:45:25'),
(143, 58, 'Kassandra Schaefer', 'Provident culpa quia nisi consequatur dolores. Tempora dolorem pariatur modi inventore error possimus. Et consequatur magni accusamus neque et. Unde alias aut ullam in sed exercitationem minima.', 5, '2019-01-26 06:45:25', '2019-01-26 06:45:25'),
(144, 19, 'Maureen Vandervort', 'Et et natus minus quam nobis id. Iure placeat eum ducimus quo omnis. Aut animi eaque tempore ipsum a.', 5, '2019-01-26 06:45:25', '2019-01-26 06:45:25'),
(145, 58, 'Marques Carroll', 'Eaque provident voluptates ab blanditiis ipsam nemo voluptates. Sint ipsa asperiores aut consequuntur. Numquam quidem ducimus aut velit voluptatibus debitis voluptatem facilis.', 0, '2019-01-26 06:45:25', '2019-01-26 06:45:25'),
(146, 6, 'Mr. Percy Rosenbaum', 'Amet vel minus qui mollitia qui et. Voluptatem laboriosam dicta voluptatum et voluptate aliquam. Et impedit dolor nobis rerum a doloremque.', 5, '2019-01-26 06:45:25', '2019-01-26 06:45:25'),
(147, 47, 'Leta Wuckert', 'Repellendus autem dignissimos sit culpa. Qui exercitationem aut fugiat excepturi nisi necessitatibus aut. Earum soluta qui ipsum tempore ipsa amet veniam aliquam.', 2, '2019-01-26 06:45:25', '2019-01-26 06:45:25'),
(148, 95, 'Elnora Daniel', 'Culpa dolores consequuntur non aliquid exercitationem quia. Et nobis quia odit iure. Sint officia est illum non dicta qui et. Dolore voluptas dolorum aut omnis odio.', 1, '2019-01-26 06:45:25', '2019-01-26 06:45:25'),
(149, 77, 'Marion Nicolas', 'In debitis voluptas optio temporibus reprehenderit. Recusandae doloremque tempore quia adipisci magni voluptatem. Dolores eaque autem quas omnis qui qui deleniti.', 2, '2019-01-26 06:45:25', '2019-01-26 06:45:25'),
(150, 31, 'Damon Collins III', 'Facere aut esse quia consequatur aut. Ipsa vel eos vel aut voluptatem quam. Quisquam accusamus suscipit dignissimos accusantium et. Et rerum sed assumenda in quas cupiditate aliquid.', 2, '2019-01-26 06:45:25', '2019-01-26 06:45:25');

-- --------------------------------------------------------

--
-- Table structure for table `users`
--

CREATE TABLE `users` (
  `id` int(10) UNSIGNED NOT NULL,
  `name` varchar(191) COLLATE utf8mb4_unicode_ci NOT NULL,
  `email` varchar(191) COLLATE utf8mb4_unicode_ci NOT NULL,
  `email_verified_at` timestamp NULL DEFAULT NULL,
  `password` varchar(191) COLLATE utf8mb4_unicode_ci NOT NULL,
  `remember_token` varchar(100) COLLATE utf8mb4_unicode_ci DEFAULT NULL,
  `created_at` timestamp NULL DEFAULT NULL,
  `updated_at` timestamp NULL DEFAULT NULL
) ENGINE=InnoDB DEFAULT CHARSET=utf8mb4 COLLATE=utf8mb4_unicode_ci;

--
-- Indexes for dumped tables
--

--
-- Indexes for table `migrations`
--
ALTER TABLE `migrations`
  ADD PRIMARY KEY (`id`);

--
-- Indexes for table `password_resets`
--
ALTER TABLE `password_resets`
  ADD KEY `password_resets_email_index` (`email`);

--
-- Indexes for table `products`
--
ALTER TABLE `products`
  ADD PRIMARY KEY (`id`);

--
-- Indexes for table `reviews`
--
ALTER TABLE `reviews`
  ADD PRIMARY KEY (`id`);

--
-- Indexes for table `users`
--
ALTER TABLE `users`
  ADD PRIMARY KEY (`id`),
  ADD UNIQUE KEY `users_email_unique` (`email`);

--
-- AUTO_INCREMENT for dumped tables
--

--
-- AUTO_INCREMENT for table `migrations`
--
ALTER TABLE `migrations`
  MODIFY `id` int(10) UNSIGNED NOT NULL AUTO_INCREMENT, AUTO_INCREMENT=4;

--
-- AUTO_INCREMENT for table `products`
--
ALTER TABLE `products`
  MODIFY `id` int(10) UNSIGNED NOT NULL AUTO_INCREMENT, AUTO_INCREMENT=101;

--
-- AUTO_INCREMENT for table `reviews`
--
ALTER TABLE `reviews`
  MODIFY `id` int(10) UNSIGNED NOT NULL AUTO_INCREMENT, AUTO_INCREMENT=151;

--
-- AUTO_INCREMENT for table `users`
--
ALTER TABLE `users`
  MODIFY `id` int(10) UNSIGNED NOT NULL AUTO_INCREMENT;
COMMIT;

/*!40101 SET CHARACTER_SET_CLIENT=@OLD_CHARACTER_SET_CLIENT */;
/*!40101 SET CHARACTER_SET_RESULTS=@OLD_CHARACTER_SET_RESULTS */;
/*!40101 SET COLLATION_CONNECTION=@OLD_COLLATION_CONNECTION */;
